{"metadata":{"asset_id":"238e3675-e527-4416-947e-d7a93233777d","asset_attributes":["data_asset","directory_asset","location_definition"],"name":"Epi-CASE-Symptom-Checker-p.pdf","asset_type":"data_asset","created_at":"2025-07-31T15:16:22Z","origin_country":"us","owner_id":"IBMid-698000HGMD","project_id":"3022bb4a-b190-4310-b600-0f6ea68490d8","size":107147,"usage":{"last_update_time":1753974982393,"last_updated_at":"2025-07-31T15:16:22Z"}},"entity":{"data_asset":{"mime_type":"application/pdf","dataset":false},"directory_asset":{"path":""}},"attachments":[{"id":"2d7820ac-0f04-40cd-a4b6-0d93bb64496d","version":2,"asset_type":"data_asset","name":"Epi-CASE-Symptom-Checker-p.pdf","mime":"application/pdf","datasource_type":"193a97c1-4475-4a19-b90c-295c4fdc6517","object_key":"Epi-CASE-Symptom-Checker-p.pdf","creator_id":"IBMid-698000HGMD","create_time":1753974983118,"size":107147,"is_remote":false,"is_managed":false,"is_referenced":true,"is_object_key_read_only":true,"is_user_provided_path_key":true,"transfer_complete":true,"is_partitioned":false,"complete_time_ticks":1753974983118,"user_data":{},"test_doc":0,"handle":{"bucket":"healthsymptomchecker-donotdelete-pr-kw5ajdm1lekeux","location":"eu-gb","type":"bluemix_cos","key":"Epi-CASE-Symptom-Checker-p.pdf","upload_id":"done","max_part_num":1},"usage":{"access_count":0,"last_accessor_id":"IBMid-698000HGMD","last_access_time":1753974983118}}]}
