{"id":"8718910e-6208-4c1a-a8f0-b22cba25e48a","name":"Epi-CASE-Symptom-Checker-p","description":"","created_at":1753975001753,"created_by":"IBMid-698000HGMD","last_updated_at":1753975005595,"last_updated_by":"IBMid-698000HGMD","data_assets":["238e3675-e527-4416-947e-d7a93233777d"],"store":{"type":"memory"},"settings":{"chunk_size":2000,"chunk_overlap":200,"split_pdf_pages":true,"top_k":3,"rerank":false,"embedding_model_id":"sentence-transformers/all-minilm-l6-v2"},"status":"ready","attachment_object_key":"vector_index/Epi-CASE-Symptom-Checker-p__da__x320bkjo86.gz"}
